Noise SD,Trial,Estimated alpha,Estimated delta,Alpha percent error,Delta percent error
0.0,1,0.3555195856386202,0.1523798898908969,1.5770244681772017,1.5865932605979198
0.0,2,0.3555195856386202,0.1523798898908969,1.5770244681772017,1.5865932605979198
0.0,3,0.3555195856386202,0.1523798898908969,1.5770244681772017,1.5865932605979198
0.01,1,0.34774256087053423,0.15098636265065993,0.644982608418784,0.6575751004399368
0.01,2,0.34821222006084424,0.1496879144776373,0.5107942683302121,0.20805701490848405
0.01,3,0.32899343593057007,0.14112588711781365,6.001875448408547,5.916075254790912
0.05,1,0.311777569258189,0.1341352162512745,10.92069449766028,10.576522499150345
0.05,2,0.32413769040105117,0.1387903475093314,7.389231313985373,7.473101660445753
0.05,3,0.3187258960893838,0.13737261877482654,8.935458260176054,8.418254150115654
